X,Y,time,date,line,linename,linetype,f_altm,f_pot,f_ura,f_tho,f_rtk,f_rut,f_ruk,f_adrt,f_adrn,r_tlive,r_potc,r_urac,r_thoc,r_totc,f_mtf,f_prkpa,f_tempc
-89.81578283,50.00598272,99,24/06/1978,250,62500,L,128.3,0.289,0.762,1.583,6.01126,0.12183,0.63755,15.991,12.042,993.176,88,40,27,853,60793,101.3,20
-89.81574469,50.00655493,100,24/06/1978,250,62500,L,130.1,0.296,0.818,1.904,6.01126,0.12183,0.63755,19.092,13.251,992.328,94,55,24,959,60792,101.3,20
-89.74195798,49.99525656,64,26/06/1978,251,72510,L,135.3,0.451,0.641,1.478,4.59193,0.20188,0.83458,18.098,13.214,992.176,90,41,26,978,60788,101.3,20
-89.74191983,49.99585547,65,26/06/1978,251,72510,L,134.4,0.435,0.62,1.539,4.59193,0.20188,0.83458,18.353,13.037,992.584,95,36,26,927,60792,101.3,20
-89.74188931,49.99645057,66,26/06/1978,251,72510,L,133.8,0.477,0.08,2.424,4.59193,0.20188,0.83458,17.452,12.729,991.984,87,41,27,1002,60796,101.3,20
-89.74187405,49.99705712,67,26/06/1978,251,72510,L,133.2,0.419,-0.026,2.758,4.59193,0.20188,0.83458,17.734,12.201,992.648,94,30,39,919,60799,101.3,20
-89.7418359,49.99765603,68,26/06/1978,251,72510,L,133.8,0.439,-0.047,3.03,4.41912,0.20188,0.83458,17.333,13.02,992.4,83,35,31,950,60801,101.3,20
-89.74180537,49.99825876,69,26/06/1978,251,72510,L,135,0.423,0.703,2.189,4.51687,0.20188,0.83458,17.979,14.969,992.248,92,42,31,969,60807,101.3,20
-89.74178248,49.99885386,70,26/06/1978,251,72510,L,134.7,0.538,0.818,2.257,4.63269,0.20188,0.83458,19.336,17.295,992.312,100,48,27,961,60819,101.3,20
-89.74175196,49.99945277,71,26/06/1978,251,72510,L,135.3,0.56,1.051,1.508,4.52026,0.20188,0.83458,19.608,17.039,991.664,109,39,32,1042,60838,101.3,20
-89.74172144,50.00004787,72,26/06/1978,251,72510,L,136.6,0.579,0.927,1.397,4.24726,0.20188,0.83458,19.543,16.308,992.136,96,44,20,983,60862,101.3,20
-89.74169092,50.00064628,73,26/06/1978,251,72510,L,136.6,0.506,1.027,2.238,4.00665,0.20188,0.83458,20.205,18.014,992.4,100,43,25,950,60889,101.3,20
-89.74166804,50.00125282,74,26/06/1978,251,72510,L,135.3,0.568,0.815,3.302,3.40629,0.20188,0.83458,21.383,20.272,991.28,101,48,45,1090,60918,101.3,20
-89.74163752,50.00184791,75,26/06/1978,251,72510,L,134.1,0.656,0.597,3.376,3.40835,0.20188,0.83458,22.763,20.372,991.384,112,45,36,1077,60940,101.3,20
-89.74159938,50.00245063,76,26/06/1978,251,72510,L,132.9,0.656,0.918,2.201,3.72438,0.1933,0.80629,22.752,19.266,991.48,116,37,26,1065,60951,101.3,20
-89.74158412,50.00304573,77,26/06/1978,251,72510,L,130.8,0.741,1.018,1.082,3.64782,0.18401,0.7911,22.806,18.159,991.12,102,51,28,1110,60958,101.3,20
-89.74155361,50.00364464,78,26/06/1978,251,72510,L,129.5,0.6,0.685,1.471,3.40796,0.17647,0.77583,21.883,15.395,991.184,128,41,19,1102,60960,101.3,20
-89.74151546,50.00425117,79,26/06/1978,251,72510,L,128.6,0.724,0.089,2.077,3.31064,0.20044,0.84817,21.693,15.146,991.888,83,29,32,1014,60953,101.3,20
-89.74148495,50.00485008,80,26/06/1978,251,72510,L,127.7,0.672,-0.226,3.333,3.8731,0.20456,0.85426,22.817,15.808,991.12,122,36,37,1110,60932,101.3,20
-89.74146969,50.00544517,81,26/06/1978,251,72510,L,126.2,0.824,0.216,3.067,4.33004,0.20097,0.8151,24.473,19.639,990.36,120,40,39,1205,60889,101.3,20
-89.74143154,50.00604408,82,26/06/1978,251,72510,L,122.2,0.747,0.39,3.203,4.63,0.20388,0.79641,25,19.958,990.616,128,43,29,1173,60805,101.3,20
-89.74140103,50.00664299,83,26/06/1978,251,72510,L,113.4,0.649,0.611,3.178,4.65398,0.19123,0.71403,23.811,19.867,990.176,117,45,42,1228,60667,101.3,20
-89.96199884,50.04192804,85,24/06/1978,248,62480,L,138.1,0.84,0.42,2.517,3.85305,0.16405,0.55295,27.818,19.636,990.304,134,45,33,1212,60528,101.3,20
-89.96200647,50.04248499,86,24/06/1978,248,62480,L,135,0.783,0.316,3.32,3.85305,0.16405,0.55295,28.247,20.3,990.632,95,44,27,1171,60535,101.3,20
-89.96202936,50.0430305,87,24/06/1978,248,62480,L,132.6,0.682,0.538,3.438,3.85305,0.16405,0.55295,27.498,20.532,989.808,129,48,46,1274,60540,101.3,20
-89.96203699,50.04358744,88,24/06/1978,248,62480,L,131.4,0.845,0.21,3.636,4.00367,0.16405,0.55295,27.628,21.297,990.448,123,54,36,1194,60543,101.3,20
-89.89183593,50.02661995,76,24/06/1978,249,62491,L,137.5,0.302,0.476,1.106,5.44229,0.10313,0.5309,14.889,9.403,993.2,76,38,21,850,60738,101.3,20
-89.89180541,50.02714638,77,24/06/1978,249,62491,L,135.9,0.384,0.794,2.003,5.44229,0.10313,0.5309,17.088,14.512,992.808,92,46,30,899,60739,101.3,20
-89.89176726,50.02767281,78,24/06/1978,249,62491,L,137.8,0.538,0.83,3.469,5.44229,0.10313,0.5309,21.009,20.381,991.952,104,54,35,1006,60733,101.3,20
-89.89173675,50.0282145,79,24/06/1978,249,62491,L,138.1,0.756,1.101,4.446,4.83156,0.10313,0.5309,27.704,27.202,990.992,116,49,43,1126,60722,101.3,20
-89.8916986,50.02874475,80,24/06/1978,249,62491,L,136.9,0.966,0.62,5.009,4.15763,0.10313,0.5309,33.405,28.623,989,147,61,45,1375,60713,101.3,20
-89.89166046,50.02927499,81,24/06/1978,249,62491,L,135.6,1.225,0.818,3.914,3.80301,0.10313,0.5309,37.929,30.407,988.592,142,43,43,1426,60713,101.3,20
-89.89162994,50.02980142,82,24/06/1978,249,62491,L,135.3,1.259,0.237,4.118,4.08157,0.10313,0.5309,39.134,28.065,988.264,168,48,27,1467,60717,101.3,20
-89.8915918,50.03033548,83,24/06/1978,249,62491,L,137.5,1.332,0.31,5.145,4.36539,0.10313,0.5309,40.606,31.991,988.352,143,44,47,1456,60722,101.3,20
-89.89156891,50.03086191,84,24/06/1978,249,62491,L,138.1,1.235,0.411,7.439,5.47844,0.10313,0.5309,42.441,37.007,987.904,162,52,58,1512,60733,101.3,20
-89.89153839,50.03139979,85,24/06/1978,249,62491,L,139,1.237,0.428,8.256,6.58177,0.10313,0.5309,43.646,39.164,987.456,160,66,61,1568,60747,101.3,20
-89.89150025,50.03193003,86,24/06/1978,249,62491,L,138.1,1.221,0.083,7.922,6.47449,0.10313,0.5309,43.798,36.167,987.712,148,50,59,1536,60760,101.3,20
-89.8914621,50.03246028,87,24/06/1978,249,62491,L,135.9,1.207,-0.182,7.551,5.96023,0.09962,0.50919,43.217,33.558,987.68,152,39,53,1540,60769,101.3,20
-89.89143158,50.03299053,88,24/06/1978,249,62491,L,135.6,1.218,0.237,6.258,5.54196,0.09164,0.45841,41.654,32.858,987.56,153,56,56,1555,60772,101.3,20
-89.89139344,50.03351696,89,24/06/1978,249,62491,L,134.7,1.245,0.234,6.53,4.87594,0.08629,0.42588,41.241,33.871,988.392,154,55,41,1451,60773,101.3,20
-89.89135529,50.0340472,90,24/06/1978,249,62491,L,133.2,1.277,0.65,5.448,4.697,0.07963,0.39043,40.785,33.954,987.736,162,41,58,1533,60773,101.3,20
-89.89132478,50.03457745,91,24/06/1978,249,62491,L,131.1,1.313,0.461,6.035,4.52103,0.0791,0.38931,41.871,34.815,987.52,166,63,41,1560,60771,101.3,20
-89.89128663,50.03511532,92,24/06/1978,249,62491,L,129.2,1.237,1.21,5.819,4.87444,0.07646,0.37984,42.289,37.53,987.392,167,54,51,1576,60770,101.3,20
-89.89124849,50.03564557,93,24/06/1978,249,62491,L,128.9,1.233,1.225,6.586,5.27996,0.07227,0.35677,43.348,39.473,987.2,164,65,57,1600,60769,101.3,20
-89.89121797,50.036172,94,24/06/1978,249,62491,L,127.7,1.252,1.101,7.247,5.51223,0.07243,0.35702,44.51,40.664,986.64,174,70,54,1670,60767,101.3,20
-89.89117982,50.03670606,95,24/06/1978,249,62491,L,127.1,1.318,0.729,7.13,5.58708,0.07315,0.35796,45.943,39.127,986.528,175,55,62,1684,60767,101.3,20
-89.89115694,50.03723249,96,24/06/1978,249,62491,L,127.1,1.317,0.476,7.34,5.04242,0.07385,0.36096,46.231,38.202,986.192,172,52,55,1726,60767,101.3,20
-89.89112642,50.03776274,97,24/06/1978,249,62491,L,127.4,1.396,0.532,5.856,4.74764,0.06979,0.3454,45.558,35.858,986.44,170,63,57,1695,60770,101.3,20
-89.89108827,50.03830061,98,24/06/1978,249,62491,L,127.4,1.309,-0.002,5.899,4.06745,0.06646,0.33313,43.592,31.799,986.968,184,46,38,1629,60775,101.3,20
-89.89105013,50.03883086,99,24/06/1978,249,62491,L,126.5,1.313,-0.023,4.588,4.07709,0.06681,0.33633,40.671,28.468,987.352,142,34,55,1581,60782,101.3,20
-89.89101961,50.0393611,100,24/06/1978,249,62491,L,125.9,1.168,-0.147,5.151,4.01807,0.06642,0.34281,36.598,27.27,988.144,164,53,36,1482,60790,101.3,20
-89.89098147,50.03988753,101,24/06/1978,249,62491,L,127.4,1.165,0.269,4.564,4.32623,0.06786,0.3548,33.248,28.128,989.472,153,46,47,1316,60794,101.3,20
-89.89094332,50.04041778,102,24/06/1978,249,62491,L,127.4,1.114,0.095,4.823,4.55689,0.06839,0.3556,30.587,27.119,989.48,146,44,46,1315,60798,101.3,20
-89.8909128,50.04094802,103,24/06/1978,249,62491,L,126.5,0.964,0.328,4.545,5.13647,0.07344,0.3737,29.632,25.786,989.832,150,49,40,1271,60803,101.3,20
-89.89087466,50.0414859,104,24/06/1978,249,62491,L,127.1,0.756,0.26,4.291,5.53331,0.07977,0.40201,27.003,22.047,990.048,123,52,43,1244,60813,101.3,20
-89.89084414,50.04201614,105,24/06/1978,249,62491,L,126.5,0.698,0.071,4.483,5.64965,0.08138,0.40908,24.766,20.695,991.064,97,40,42,1117,60824,101.3,20
-89.890806,50.04254639,106,24/06/1978,249,62491,L,125.6,0.674,0.151,3.79,5.47129,0.08172,0.40846,22.893,19.109,991.184,135,44,43,1102,60832,101.3,20
-89.89076785,50.04307663,107,24/06/1978,249,62491,L,125.6,0.712,0.16,3.481,5.24924,0.08281,0.41574,22.274,18.888,991.144,116,50,32,1107,60838,101.3,20
-89.89073733,50.04360307,108,24/06/1978,249,62491,L,126.2,0.608,0.189,2.82,4.78588,0.08507,0.42715,21.601,16.046,991.44,104,38,37,1070,60834,101.3,20
-89.96205988,50.04414058,89,24/06/1978,248,62480,L,129.8,0.842,0.113,2.912,4.03216,0.16405,0.55295,25.065,18.905,990.336,127,35,30,1208,60542,101.3,20
-89.96206752,50.0446899,90,24/06/1978,248,62480,L,129.5,0.758,-0.105,2.479,4.01431,0.16405,0.55295,24.392,15.492,991.208,124,40,35,1099,60539,101.3,20
-89.96209041,50.04524303,91,24/06/1978,248,62480,L,128.6,0.72,0.092,2.752,4.15744,0.16405,0.55295,22.752,16.792,990.744,99,44,29,1157,60535,101.3,20
-89.96209804,50.04579998,92,24/06/1978,248,62480,L,128,0.568,0.355,2.585,4.22499,0.16405,0.55295,22.763,15.879,991.264,126,44,35,1092,60533,101.3,20
-89.96212093,50.04634548,93,24/06/1978,248,62480,L,126.8,0.529,0.426,2.745,4.11576,0.16405,0.55295,20.889,16.17,991.104,96,48,33,1112,60533,101.3,20
-89.96212856,50.04689861,94,24/06/1978,248,62480,L,126.5,0.362,0.558,2.115,3.67201,0.16405,0.55295,19.168,13.165,991.824,94,48,32,1022,60534,101.3,20
-89.96215146,50.04745556,95,24/06/1978,248,62480,L,127.1,0.31,0.535,1.688,3.3873,0.16405,0.55295,17.501,11.291,992.304,88,44,25,962,60532,101.3,20
-89.96217435,50.04800107,96,24/06/1978,248,62480,L,127.1,0.395,0.396,1.397,3.1659,0.16405,0.55295,17.8,10.89,992.144,81,44,26,982,60525,101.3,20
-89.96218198,50.0485542,97,24/06/1978,248,62480,L,126.8,0.539,0.47,1.447,3.06903,0.16405,0.55295,19.608,13.318,991.648,108,41,27,1044,60517,101.3,20
-89.96220487,50.04911115,98,24/06/1978,248,62480,L,125.6,0.81,0.617,1.119,2.91394,0.16405,0.55295,22.426,16.88,991.12,123,47,26,1110,60511,101.3,20
-89.96222013,50.04966047,99,24/06/1978,248,62480,L,124.4,0.9,0.611,1.539,2.71372,0.16405,0.55295,24.511,19.068,990.28,145,47,21,1215,60504,101.3,20
-89.96224303,50.0502136,100,24/06/1978,248,62480,L,125,0.819,0.895,1.929,2.59355,0.16405,0.55295,25.7,20.59,990.272,132,44,34,1216,60496,101.3,20
-89.96225066,50.05076292,101,24/06/1978,248,62480,L,124.7,0.725,0.361,2.56,2.51222,0.16405,0.55295,25.016,17.904,990.336,114,60,33,1208,60488,101.3,20
-89.96227355,50.05131605,102,24/06/1978,248,62480,L,119.2,0.729,0.29,2.492,2.62575,0.16405,0.55295,24.598,17.385,990.504,119,33,31,1187,60482,101.3,20
-89.96228118,50.051873,103,24/06/1978,248,62480,L,114.6,0.872,-0.132,2.38,2.73264,0.17241,0.57615,24.202,16.584,990.08,139,42,34,1240,60483,101.3,20
-89.96230407,50.05241469,104,24/06/1978,248,62480,L,119.5,0.812,0.272,2.257,2.86754,0.17611,0.58261,22.958,17.783,990.368,141,45,31,1204,60492,101.3,20
-89.96231171,50.05297164,105,24/06/1978,248,62480,L,126.8,0.717,0.617,1.762,2.96398,0.18027,0.58972,21.161,17.264,991.584,109,46,29,1052,60506,101.3,20
-89.9623346,50.05352858,106,24/06/1978,248,62480,L,128,0.633,0.611,1.379,3.15905,0.18027,0.58972,20.401,15.178,991.768,112,49,25,1029,60523,101.3,20
-89.96235749,50.05407409,107,24/06/1978,248,62480,L,127.7,0.569,0.771,1.298,3.335,0.18027,0.58972,20.944,15.046,991.184,113,41,24,1102,60538,101.3,20
-89.96236512,50.05462722,108,24/06/1978,248,62480,L,125.6,0.59,0.308,2.065,3.34998,0.18027,0.58972,20.542,14.605,991.2,98,51,28,1100,60552,101.3,20
-89.96238801,50.05518417,109,24/06/1978,248,62480,L,125.6,0.491,0.52,2.411,3.21203,0.18027,0.58972,19.494,15.374,991.944,113,39,37,1007,60564,101.3,20
-89.96239565,50.05572967,110,24/06/1978,248,62480,L,127.1,0.522,0.134,2.894,3.00738,0.18027,0.58972,18.484,14.794,991.808,98,51,30,1024,60572,101.3,20
-89.96241854,50.05628662,111,24/06/1978,248,62480,L,128,0.475,0.308,1.972,3.10157,0.15625,0.53533,17.387,12.87,991.912,99,41,35,1011,60575,101.3,20
-89.96242617,50.05683976,112,24/06/1978,248,62480,L,128.3,0.497,-0.338,1.737,3.27525,0.16177,0.55686,16.828,8.909,992.704,99,38,22,912,60575,101.3,20
-89.96244906,50.05738907,113,24/06/1978,248,62480,L,128.9,0.543,-0.043,0.661,3.46669,0.17245,0.58385,16.844,8.505,992.208,87,27,25,974,60574,101.3,20
-89.96245669,50.05794221,114,24/06/1978,248,62480,L,128.9,0.549,0.178,1.008,3.49469,0.18625,0.63083,18.098,10.7,991.928,108,43,18,1009,60569,101.3,20
-89.96247958,50.05849916,115,24/06/1978,248,62480,L,128.6,0.552,0.756,0.878,3.47131,0.19282,0.64991,19.26,13.693,991.936,107,48,28,1008,60563,101.3,20
-89.96248722,50.05904085,116,24/06/1978,248,62480,L,126.5,0.548,0.408,1.626,2.94384,0.19246,0.6498,19.439,13.53,991.416,100,46,24,1073,60557,101.3,20
-89.96251011,50.05960161,117,24/06/1978,248,62480,L,124.1,0.49,0.281,1.966,2.94383,0.18781,0.64618,19.673,12.898,991.664,107,37,30,1042,60551,101.3,20
-89.96251774,50.06015474,118,24/06/1978,248,62480,L,122.5,0.437,-0.161,2.541,2.94383,0.17855,0.62442,18.446,11.13,991.6,96,47,34,1050,60553,101.3,20
-89.96254063,50.06070025,119,24/06/1978,248,62480,L,123.7,0.376,0.287,2.152,2.94383,0.17234,0.61463,17.941,11.904,992.096,83,35,33,988,60558,101.3,20
-89.96256352,50.06125338,120,24/06/1978,248,62480,L,129.2,0.379,0.405,1.199,2.94383,0.16201,0.58691,15.057,10.239,992.136,98,49,24,983,60565,101.3,20
-89.96257116,50.06181033,121,24/06/1978,248,62480,L,130.8,0.345,0.65,0.222,2.94383,0.15766,0.57797,12.782,8.751,993.6,90,43,18,800,60574,101.3,20
-89.96259405,50.06235583,122,24/06/1978,248,62480,L,129.8,0.275,0.311,0.129,2.94383,0.15313,0.56848,10.252,5.682,993.656,73,36,17,793,60581,101.3,20
-89.96278482,50.06898199,134,24/06/1978,248,62480,L,132,0.254,-0.694,1.502,6.07277,0.10975,0.40725,12.799,3.127,993.512,70,36,32,811,60584,101.3,20
-89.96280771,50.06953893,135,24/06/1978,248,62480,L,130.8,0.254,-0.156,2.189,6.07277,0.10821,0.39997,13.689,7.888,992.96,77,29,19,880,60582,101.3,20
-89.96281535,50.07009207,136,24/06/1978,248,62480,L,130.5,0.258,0.21,1.576,6.07277,0.10965,0.40601,15.991,8.49,992.448,89,50,38,944,60574,101.3,20
-89.96283824,50.07064139,137,24/06/1978,248,62480,L,129.5,0.354,0.567,2.213,6.08732,0.11329,0.42281,18.511,13.356,992.072,75,44,23,991,60564,101.3,20
-89.96284587,50.07119452,138,24/06/1978,248,62480,L,127.4,0.514,0.759,2.38,5.82934,0.11565,0.43516,21.199,16.953,991.328,111,46,30,1084,60555,101.3,20
-89.96286876,50.07175147,139,24/06/1978,248,62480,L,124.4,0.726,0.538,4.186,5.80528,0.1133,0.43199,23.93,22.97,990.576,133,59,42,1178,60551,101.3,20
-89.96287639,50.07229697,140,24/06/1978,248,62480,L,120.1,0.677,0.694,4.397,5.84932,0.10692,0.40776,24.766,23.739,989.992,135,51,54,1251,60557,101.3,20
-89.96289928,50.07285392,141,24/06/1978,248,62480,L,116.7,0.723,0.381,4.205,5.58549,0.10762,0.41039,25.673,22.088,990.36,110,55,35,1205,60569,101.3,20
-89.96290692,50.07340705,142,24/06/1978,248,62480,L,113.7,0.741,0.266,3.982,5.06998,0.11054,0.42188,26.694,21.116,989.488,144,48,40,1314,60584,101.3,20
-89.96292981,50.07395637,143,24/06/1978,248,62480,L,111.6,0.877,0.122,4.273,4.71865,0.11763,0.44462,28.155,22.803,988.864,142,46,52,1392,60600,101.3,20
-89.9629527,50.07450951,144,24/06/1978,248,62480,L,110,0.874,0.349,3.84,4.12162,0.11887,0.44467,27.536,22.972,989.032,148,53,41,1371,60613,101.3,20
-89.96296033,50.07506645,145,24/06/1978,248,62480,L,109.7,0.812,0.6,2.702,3.53247,0.12537,0.4759,26.591,20.751,989.728,149,54,33,1284,60620,101.3,20
-89.96298322,50.07560814,146,24/06/1978,248,62480,L,108.2,0.733,0.367,1.842,3.49449,0.12486,0.47904,24.017,16.255,989.36,126,47,32,1330,60617,101.3,20
-89.96299086,50.07616509,147,24/06/1978,248,62480,L,102.1,0.655,-0.043,1.929,3.11144,0.1236,0.48185,22.426,13.127,990.528,120,37,25,1184,60594,101.3,20
-89.96301375,50.07671822,148,24/06/1978,248,62480,L,100.6,0.684,-0.061,1.787,3.09623,0.12818,0.49508,19.803,13.05,990.488,125,39,35,1189,60546,101.3,20
-89.96302138,50.07726754,149,24/06/1978,248,62480,L,101.2,0.629,0.178,2.022,2.99394,0.13458,0.51604,19.26,14.271,990.992,138,46,30,1126,60497,101.3,20
-89.96304427,50.07782068,150,24/06/1978,248,62480,L,104.5,0.663,0.137,1.7,3.08119,0.13197,0.5074,18.848,13.682,991.04,111,49,30,1120,60466,101.3,20
-89.9630519,50.07837,151,24/06/1978,248,62480,L,107.6,0.657,-0.085,1.935,3.22993,0.12481,0.49169,19.065,12.93,991.072,126,34,28,1116,60458,101.3,20
-89.9630748,50.07892313,152,24/06/1978,248,62480,L,111.6,0.601,-0.138,1.774,3.18654,0.11982,0.46862,19.418,11.496,991.216,125,38,33,1098,60465,101.3,20
-89.96308243,50.07948008,153,24/06/1978,248,62480,L,115.8,0.507,-0.067,2.096,3.17735,0.1213,0.46031,19.108,11.471,991.208,89,44,26,1099,60480,101.3,20
-89.96310532,50.0800294,154,24/06/1978,248,62480,L,118,0.463,-0.038,2.145,3.17142,0.1184,0.45338,19.119,11.182,991.656,100,39,33,1043,60500,101.3,20
-89.96311295,50.08058253,155,24/06/1978,248,62480,L,119.8,0.56,-0.212,2.115,3.3369,0.1184,0.45338,18.082,11.389,991.496,110,39,33,1063,60529,101.3,20
-89.96313584,50.08113566,156,24/06/1978,248,62480,L,119.8,0.554,-0.244,1.372,3.52691,0.1184,0.45338,17.604,9.279,992.032,107,37,25,996,60565,101.3,20
-89.89071445,50.04413331,109,24/06/1978,249,62491,L,126.8,0.598,0.222,2.696,4.74706,0.08311,0.42005,20.487,15.794,991.656,107,40,32,1043,60818,101.3,20
-89.8906763,50.044675,110,24/06/1978,249,62491,L,126.8,0.508,0.597,2.17,4.88667,0.07991,0.40395,18.315,15.433,991.888,113,50,30,1014,60798,101.3,20
-89.89064579,50.04520143,111,24/06/1978,249,62491,L,127.1,0.44,0.605,1.985,5.22853,0.07951,0.40395,17.267,14.128,992.816,88,47,29,898,60775,101.3,20
-89.89060764,50.04572786,112,24/06/1978,249,62491,L,126.5,0.378,0.24,1.657,6.29007,0.0804,0.412,16.6,10.431,992.296,91,39,29,963,60750,101.3,20
-89.89056949,50.04626192,113,24/06/1978,249,62491,L,126.8,0.409,-0.173,3.042,6.40007,0.08117,0.41429,18.728,11.943,992.304,89,35,24,962,60733,101.3,20
-89.89053898,50.04678835,114,24/06/1978,249,62491,L,126.8,0.459,-0.07,3.407,6.73288,0.08583,0.44711,21.899,14.09,991.48,95,43,51,1065,60720,101.3,20
-89.89050083,50.0473186,115,24/06/1978,249,62491,L,127.7,0.526,-0.079,4.848,6.66781,0.09338,0.4984,25.391,18.504,990.376,106,45,35,1203,60701,101.3,20
-89.89046269,50.04784884,116,24/06/1978,249,62491,L,128.6,0.725,0.355,3.858,6.04837,0.09753,0.53245,30.343,21.102,990.216,112,45,47,1223,60670,101.3,20
-89.89043217,50.04839053,117,24/06/1978,249,62491,L,129.5,0.906,0.42,5.33,5.5193,0.0988,0.54083,33.78,27.504,988.576,140,50,35,1428,60611,101.3,20
-89.89039403,50.04891696,118,24/06/1978,249,62491,L,127.4,1.006,0.788,5.095,5.5679,0.1034,0.56205,37.065,30.313,988.24,157,58,59,1470,60513,101.3,20
-89.89035588,50.0494434,119,24/06/1978,249,62491,L,122.8,1.041,0.632,6.017,5.28188,0.10392,0.56452,37.027,32.182,987.848,145,57,45,1519,60398,101.3,20
-89.89032536,50.04997746,120,24/06/1978,249,62491,L,115.5,1.004,0.582,5.003,4.96729,0.10661,0.5836,36.87,28.89,987.728,164,54,53,1534,60307,101.3,20
-89.89030248,50.05050389,121,24/06/1978,249,62491,L,114,1.014,0.352,4.978,4.55994,0.10564,0.58406,36.066,27.654,987.48,153,51,45,1565,60250,101.3,20
-89.89026433,50.05104558,122,24/06/1978,249,62491,L,114,1.007,0.393,4.199,4.57561,0.10377,0.58544,36.066,25.855,987.8,150,50,46,1525,60211,101.3,20
-89.89023381,50.05157201,123,24/06/1978,249,62491,L,117.3,1.004,0.676,4.192,4.75186,0.10049,0.56925,36.43,27.403,987.848,156,49,39,1519,60181,101.3,20
-89.89019567,50.05210225,124,24/06/1978,249,62491,L,121,1.009,0.765,5.089,5.0668,0.10769,0.60449,36.587,30.207,987.704,152,60,44,1537,60160,101.3,20
-89.89015752,50.0526325,125,24/06/1978,249,62491,L,121,1.018,0.903,5.708,5.35158,0.11323,0.62466,36.56,32.648,988.144,153,59,60,1482,60158,101.3,20
-89.89012701,50.05315893,126,24/06/1978,249,62491,L,121.9,1.116,0.694,6.023,5.49123,0.11987,0.66861,37.619,33.53,988.152,161,58,49,1481,60187,101.3,20
-89.89008886,50.05369299,127,24/06/1978,249,62491,L,125.3,1.115,0.85,6.11,5.69526,0.1218,0.68834,39.753,34.618,987.32,168,54,48,1585,60235,101.3,20
-89.89005072,50.05422705,128,24/06/1978,249,62491,L,129.2,1.021,0.608,6.388,6.20653,0.12279,0.69304,40.736,32.708,987.352,149,63,59,1581,60277,101.3,20
-89.8900202,50.05476111,129,24/06/1978,249,62491,L,130.5,0.895,0.803,6.314,6.37113,0.13224,0.75108,39.699,31.981,988.08,129,50,51,1490,60302,101.3,20
-89.88998205,50.05528754,130,24/06/1978,249,62491,L,130.5,1.056,0.747,6.233,5.93407,0.13399,0.77365,39.378,33.568,988.288,139,59,46,1464,60316,101.3,20
-89.88994391,50.05581397,131,24/06/1978,249,62491,L,131.4,1.219,0.656,6.264,5.48539,0.13274,0.77083,41.203,35.261,987.696,180,60,57,1538,60326,101.3,20
-89.88991339,50.05634803,132,24/06/1978,249,62491,L,131.7,1.285,0.549,7.031,5.5229,0.13124,0.76188,43.815,37.428,987.08,161,47,51,1615,60339,101.3,20
-89.88987525,50.05687446,133,24/06/1978,249,62491,L,130.1,1.229,0.6,7.322,6.17705,0.12495,0.72972,45.894,37.709,986.704,156,61,58,1662,60361,101.3,20
-89.88985236,50.05740852,134,24/06/1978,249,62491,L,130.1,1.016,0.924,7.452,6.66667,0.12012,0.71676,44.939,37.084,986.36,172,64,62,1705,60389,101.3,20
-89.88982184,50.05794258,135,24/06/1978,249,62491,L,130.1,1.01,1.225,6.926,6.90137,0.10494,0.63362,44.575,37.402,987.544,124,59,54,1557,60416,101.3,20
-89.8897837,50.05847283,136,24/06/1978,249,62491,L,130.8,0.965,1.136,6.264,6.043,0.10201,0.59987,42.104,34.661,986.968,157,67,50,1629,60433,101.3,20
-89.88974555,50.05900307,137,24/06/1978,249,62491,L,131.7,1.141,1.319,5.64,5.37995,0.10243,0.58727,41.936,36.447,987.944,155,56,51,1507,60435,101.3,20
-89.88971504,50.0595295,138,24/06/1978,249,62491,L,132.3,1.255,0.824,6.178,5.0129,0.10417,0.57959,41.474,36.471,987.784,160,60,44,1527,60430,101.3,20
-89.88967689,50.06006356,139,24/06/1978,249,62491,L,133.2,1.247,0.8,6.444,5.40767,0.10178,0.56141,43.771,36.892,987.408,172,54,57,1574,60423,101.3,20
-89.88963874,50.06058999,140,24/06/1978,249,62491,L,132,1.305,0.579,7.965,6.59596,0.09957,0.54727,46.486,40.185,986.6,154,57,55,1675,60414,101.3,20
-89.88960823,50.06113168,141,24/06/1978,249,62491,L,130.5,1.368,0.656,9.666,6.79047,0.099,0.54525,49.695,45.681,986.04,179,64,68,1745,60410,101.3,20
-89.88957008,50.06165812,142,24/06/1978,249,62491,L,128,1.529,0.425,10.006,6.23029,0.09111,0.50612,50.662,47.324,985.096,204,70,86,1863,60414,101.3,20
-89.88953957,50.06218836,143,24/06/1978,249,62491,L,125.6,1.554,0.248,9.202,5.46834,0.09162,0.4996,50.184,44.645,985.512,194,53,62,1811,60427,101.3,20
-89.88950142,50.06271861,144,24/06/1978,249,62491,L,126.8,1.591,0.31,6.351,4.65244,0.09162,0.4996,49.125,38.382,986.04,180,53,56,1745,60444,101.3,20
-89.88946327,50.06324504,145,24/06/1978,249,62491,L,128.9,1.47,0.611,5.918,3.9785,0.09162,0.4996,47.485,37.428,985.816,194,51,40,1773,60462,101.3,20
-89.88944039,50.0637791,146,24/06/1978,249,62491,L,130.8,1.358,0.909,5.312,4.26568,0.09581,0.52115,45.351,36.144,986.912,165,59,54,1636,60475,101.3,20
-89.88940987,50.06431697,147,24/06/1978,249,62491,L,134.7,1.173,0.42,5.837,4.58083,0.09897,0.53729,39.91,32.258,987.88,150,57,45,1515,60486,101.3,20
-89.88937173,50.0648434,148,24/06/1978,249,62491,L,137.2,0.995,0.417,5.003,5.15855,0.09881,0.54122,33.959,27.836,989.552,140,38,46,1306,60489,101.3,20
-89.88934121,50.06537365,149,24/06/1978,249,62491,L,136.6,0.807,0.251,4.038,5.23244,0.10228,0.55338,26.786,22.033,990.72,118,52,40,1160,60486,101.3,20
-89.88930306,50.06590389,150,24/06/1978,249,62491,L,135.6,0.62,0.293,3.667,5.6579,0.10518,0.56106,22.051,18.902,992.08,102,45,30,990,60483,101.3,20
-89.88926492,50.06643414,151,24/06/1978,249,62491,L,134.7,0.462,0.018,2.683,5.32011,0.10228,0.53731,17.517,12.826,992.184,102,37,41,977,60477,101.3,20
-89.8892344,50.06696057,152,24/06/1978,249,62491,L,129.8,0.387,-0.485,3.116,5.04276,0.09931,0.52569,15.579,10.071,993.184,76,37,25,852,60469,101.3,20
-89.88919626,50.06750226,153,24/06/1978,249,62491,L,127.7,0.325,-0.153,1.23,5.04276,0.10304,0.54822,12.266,6.446,993.024,81,32,37,872,60457,101.3,20
-89.88915811,50.06802869,154,24/06/1978,249,62491,L,126.5,0.337,0.107,1.187,5.04276,0.10183,0.54242,11.17,7.97,993.992,87,35,12,751,60445,101.3,20
-89.88912759,50.06855894,155,24/06/1978,249,62491,L,126.5,0.289,0.366,0.352,5.12353,0.10974,0.58594,8.829,6.732,993.8,85,46,25,775,60437,101.3,20