{
  "type": "FeatureCollection",
  "features": [
    {
      "type": "Feature",
      "properties": {
        "zappy_name": "SKW"
      },
      "geometry": {
        "coordinates": [
          [
            -105.1279412031672,
            57.870077190172424
          ],
          [
            -103.35248834684147,
            57.15146561197034
          ],
          [
            -104.81399391999402,
            56.59825910213249
          ],
          [
            -102.77228190011569,
            55.7949097092164
          ],
          [
            -104.54493914065476,
            54.4718731090739
          ]
        ],
        "type": "LineString"
      }
    },
    {
      "type": "Feature",
      "properties": {
        "zappy_name": "ALB"
      },
      "geometry": {
        "coordinates": [
          [
            -114.59910173695458,
            58.50252163501193
          ],
          [
            -117.07632928476052,
            57.50948230328103
          ],
          [
            -113.10205437347535,
            57.42836390803012
          ],
          [
            -116.27335700804028,
            56.378223674637184
          ],
          [
            -112.4333099512388,
            56.22307266797347
          ],
          [
            -115.04743735939807,
            54.64739423898399
          ],
          [
            -111.01416314450692,
            54.73102467854787
          ]
        ],
        "type": "LineString"
      }
    },
    {
      "type": "Feature",
      "properties": {
        "zappy_name": "MTB"
      },
      "geometry": {
        "coordinates": [
          [
            -99.85621181049306,
            59.675872445681335
          ],
          [
            -100.70001804093941,
            58.055150081455
          ],
          [
            -96.69867641436313,
            58.975339137073064
          ],
          [
            -98.42316666668488,
            56.96141125531756
          ],
          [
            -94.76161657401188,
            57.481149899664956
          ],
          [
            -94.62889136797325,
            55.85771664021627
          ]
        ],
        "type": "LineString"
      }
    },
    {
      "type": "Feature",
      "properties": {
        "zappy_name": "BC"
      },
      "geometry": {
        "coordinates": [
          [
            -129.5023085869243,
            58.309438367323224
          ],
          [
            -124.10723723277015,
            57.83016937794139
          ],
          [
            -129.55215177963913,
            56.537091382510994
          ],
          [
            -123.86832446239143,
            55.570052772245646
          ],
          [
            -128.2869117134312,
            54.74620408636983
          ],
          [
            -125.24936429716941,
            53.508405211816694
          ]
        ],
        "type": "LineString"
      }
    },
    {
      "type": "Feature",
      "properties": {
        "zappy_name": "ONT"
      },
      "geometry": {
        "coordinates": [
          [
            -91.38088774908236,
            53.02612143990049
          ],
          [
            -90.12757071011298,
            54.41338133594127
          ],
          [
            -88.96642755956643,
            52.91331422540296
          ],
          [
            -87.06303066848899,
            54.20588365877401
          ],
          [
            -86.71660323970569,
            52.500807807332876
          ],
          [
            -84.38728324817238,
            53.46617667958694
          ],
          [
            -83.49246700749987,
            51.79867503434451
          ]
        ],
        "type": "LineString"
      }
    },
    {
      "type": "Feature",
      "properties": {
        "zappy_name": "NWT"
      },
      "geometry": {
        "coordinates": [
          [
            -118.56855910146558,
            63.25962161516557
          ],
          [
            -117.00072293899555,
            64.65355006136681
          ],
          [
            -116.51288345055875,
            63.045268480541125
          ],
          [
            -114.8630070476593,
            64.45091827519448
          ],
          [
            -113.45553216635778,
            62.900829437143784
          ],
          [
            -111.48615512161831,
            64.10002974610944
          ],
          [
            -110.9335352392938,
            62.307648548293145
          ]
        ],
        "type": "LineString"
      }
    },
    {
      "type": "Feature",
      "properties": {
        "zappy_name": "NVT"
      },
      "geometry": {
        "coordinates": [
          [
            -103.04449207111352,
            65.36671251111454
          ],
          [
            -101.20106321570103,
            66.36959957489097
          ],
          [
            -100.18896803761687,
            64.26821774818521
          ],
          [
            -95.50352002688517,
            64.601083112427
          ],
          [
            -99.08019040847488,
            63.2875116012319
          ],
          [
            -95.1103239237113,
            62.63965818486301
          ],
          [
            -97.80517792522586,
            61.68777614425127
          ]
        ],
        "type": "LineString"
      }
    },
    {
      "type": "Feature",
      "properties": {
        "zappy_name": "YT"
      },
      "geometry": {
        "coordinates": [
          [
            -131.39800639015772,
            61.2786870909529
          ],
          [
            -135.1434014922616,
            61.079816959258494
          ],
          [
            -131.5413504912297,
            62.77327460263086
          ],
          [
            -136.7209223461182,
            61.87021121902558
          ],
          [
            -135.14272993780668,
            63.4514088792628
          ],
          [
            -138.52644318197963,
            63.366690332466845
          ]
        ],
        "type": "LineString"
      }
    },
    {
      "type": "Feature",
      "properties": {
        "zappy_name": "QB"
      },
      "geometry": {
        "coordinates": [
          [
            -75.94799785077876,
            50.4614685292926
          ],
          [
            -75.56145489021742,
            52.5590200955977
          ],
          [
            -74.37577469236965,
            50.664898077089845
          ],
          [
            -72.85687514435999,
            52.64358314795908
          ],
          [
            -72.18476271765371,
            50.86997271889604
          ],
          [
            -70.23357261358444,
            52.429135703084455
          ],
          [
            -68.6677498229449,
            51.42307807768228
          ]
        ],
        "type": "LineString"
      }
    },
    {
      "type": "Feature",
      "properties": {
        "zappy_name": "NFL"
      },
      "geometry": {
        "coordinates": [
          [
            -64.88333496700835,
            53.36223413607428
          ],
          [
            -63.61701830432082,
            54.30057812035719
          ],
          [
            -63.24918526347838,
            53.229759179359036
          ],
          [
            -61.15422405803892,
            54.09325985641675
          ],
          [
            -59.299928866687964,
            52.88286514917138
          ],
          [
            -57.98453179635267,
            53.483819566893715
          ]
        ],
        "type": "LineString"
      }
    },
    {
      "type": "Feature",
      "properties": {
        "zappy_name": "NS"
      },
      "geometry": {
        "coordinates": [
          [
            -65.36602378877842,
            44.12988352686986
          ],
          [
            -65.27235515304335,
            44.76240276079716
          ],
          [
            -64.15946283275457,
            44.70510524460397
          ],
          [
            -63.55204072750287,
            45.21385350987359
          ],
          [
            -62.03463891229225,
            45.073322808023846
          ]
        ],
        "type": "LineString"
      }
    },
    {
      "type": "Feature",
      "properties": {
        "zappy_name": "PEI"
      },
      "geometry": {
        "coordinates": [
          [
            -64.00514383680695,
            46.669451333965554
          ],
          [
            -63.38357040727253,
            46.25585656399511
          ],
          [
            -62.407384189586594,
            46.325671277912306
          ]
        ],
        "type": "LineString"
      }
    },
    {
      "type": "Feature",
      "properties": {
        "zappy_name": "NB"
      },
      "geometry": {
        "coordinates": [
          [
            -65.84502178647277,
            46.49985116864548
          ],
          [
            -66.20253248836997,
            47.43971119623808
          ],
          [
            -66.87729535959696,
            46.449795154158124
          ],
          [
            -66.97980411659233,
            47.33504742758947
          ],
          [
            -67.4154807168964,
            46.71120073032395
          ]
        ],
        "type": "LineString"
      }
    }
  ]
}